{"prec_deploy_val":0.5855130553245544,"recall_no-deploy_train":0.6335784196853638,"recall_coral_val":0.49180328845977783,"_wandb":{"runtime":475},"_runtime":475.847351215,"prec_deploy_train":0.6862284541130066,"recall_coral_train":0.8018471598625183,"recall_deploy_val":0.817415714263916,"prec_no-deploy_val":0.8838527202606201,"recall_no-deploy_val":0.8772258758544922,"prec_coral_train":0.6534382700920105,"prec_no-deploy_train":0.9012202024459839,"recall_deploy_train":0.7400844097137451,"lr":0.0001,"prec_coral_val":0.8720930218696594,"_step":0,"_timestamp":1.745301408590545e+09}